id,t,y,a,c,v
1.0,0.0,0.5278987,9.771614,1.824344,-86.94614
1.0,1.0,0.45812312,8.648131,1.66963,-77.52964
1.0,2.0,0.73868585,7.5883923,1.8913624,-68.21933
1.0,3.0,0.52860624,6.5670567,1.7100827,-59.208298
1.0,4.0,0.5042333,5.49549,1.6287603,-50.288055
1.0,5.0,0.6564367,4.4601665,1.6607791,-41.503525
1.0,6.0,0.6218777,3.526351,1.5450971,-32.91143
1.0,7.0,0.6667026,2.6562567,1.4911712,-24.430157
1.0,8.0,0.8365344,1.8691716,1.7199862,-16.088932
1.0,9.0,0.63603175,1.0058366,1.4553837,-8.030396
2.0,0.0,1.9549849,1.8706369,1.8610445,-86.04589
2.0,1.0,2.280061,2.0046706,2.143176,-76.64813
2.0,2.0,1.7577388,2.185261,1.851456,-67.56741
2.0,3.0,1.9111938,2.1342282,2.1076984,-58.53714
2.0,4.0,1.5781221,1.977269,1.9524848,-49.801445
2.0,5.0,1.8428764,1.6356188,2.2193754,-41.174725
2.0,6.0,1.3438458,1.284816,1.8652107,-32.82817
2.0,7.0,1.1982188,0.7790319,1.7150244,-24.505096
2.0,8.0,1.3188714,0.2675779,1.5117166,-16.279724
2.0,9.0,1.2732506,0.07625782,1.3081561,-8.116501
3.0,0.0,1.016041,6.2700405,1.6716958,-87.19192
3.0,1.0,1.018845,5.728965,1.7195042,-77.69277
3.0,2.0,1.0850091,5.1309237,1.7873406,-68.40983
3.0,3.0,0.68964726,4.5189714,1.5155116,-59.34768
3.0,4.0,0.59301966,3.7684767,1.3815386,-50.31904
3.0,5.0,0.6485938,3.0407732,1.4027737,-41.388695
3.0,6.0,0.6565433,2.3332582,1.3481774,-32.650303
3.0,7.0,1.1039318,1.6751264,1.8144444,-24.052612
3.0,8.0,1.5011028,0.9842998,2.1483142,-15.873462
3.0,9.0,1.248119,0.3439677,1.5265654,-7.9921427
4.0,0.0,2.1962483,9.381972,2.9196765,-81.57933
4.0,1.0,2.721731,8.835249,3.285577,-72.595406
4.0,2.0,3.3504822,8.4402075,3.7001896,-63.894485
4.0,3.0,2.207358,8.255612,3.1500027,-55.468323
4.0,4.0,2.3861961,7.4622126,3.4673386,-47.07668
4.0,5.0,2.2212577,6.511296,3.5332801,-38.931423
4.0,6.0,2.0602357,5.305381,3.3432422,-30.964096
4.0,7.0,1.91378,4.104464,3.0720792,-23.112831
4.0,8.0,1.6168745,3.0062904,2.5430558,-15.3532295
4.0,9.0,1.5399253,2.1225605,2.5123205,-7.60374
5.0,0.0,2.2608197,4.517645,2.3179393,-83.48006
5.0,1.0,2.865735,4.551556,2.8312173,-74.28636
5.0,2.0,2.5175881,4.679667,2.7417228,-65.45498
5.0,3.0,2.427483,4.546461,2.9000676,-56.772373
5.0,4.0,1.9790951,4.1570168,2.684829,-48.31107
5.0,5.0,1.711484,3.521717,2.527432,-39.954792
5.0,6.0,2.4323993,2.7609887,3.099362,-31.716022
5.0,7.0,1.614904,2.1367612,2.3241026,-23.805061
5.0,8.0,1.2396594,1.4566964,2.0438094,-15.825903
5.0,9.0,1.1553658,0.6658637,1.7030529,-7.9051833
6.0,0.0,0.80044353,0.11135101,0.7116702,-95.02611
6.0,1.0,0.76943445,0.2042085,0.66400176,-84.680115
6.0,2.0,0.50005615,0.31596038,0.511166,-74.470505
6.0,3.0,0.6677638,0.31107202,0.72083634,-64.199905
6.0,4.0,0.83848554,0.26326478,0.9214314,-54.47479
6.0,5.0,0.70410776,0.18399893,0.80494523,-45.175323
6.0,6.0,0.56406677,0.08485865,0.612061,-35.937836
6.0,7.0,0.5553427,0.037616733,0.5678078,-26.63368
6.0,8.0,0.65730274,0.025664909,0.6592679,-17.446918
6.0,9.0,0.7522053,0.024183428,0.7530371,-8.577351
7.0,0.0,2.2390635,1.4536154,2.0600193,-86.02454
7.0,1.0,2.8152602,1.6659793,2.4746213,-76.72176
7.0,2.0,2.0549302,2.0475693,2.054515,-67.77069
7.0,3.0,1.5553665,2.08978,1.817398,-58.833908
7.0,4.0,1.2390106,1.8650496,1.6277165,-49.967796
7.0,5.0,1.171974,1.5064731,1.6049415,-41.1827
7.0,6.0,1.3613824,1.0954138,1.8531612,-32.561165
7.0,7.0,1.6413014,0.61595404,2.0142195,-24.232698
7.0,8.0,1.647881,0.24799594,1.7979004,-16.138536
7.0,9.0,1.2518439,0.099976085,1.3095697,-8.115623
8.0,0.0,2.4987764,5.5223703,2.5908618,-83.09005
8.0,1.0,4.226703,5.541107,3.9309185,-73.99813
8.0,2.0,3.7567086,5.9560122,3.7581668,-65.45186
8.0,3.0,2.1685872,6.0760756,2.8742232,-57.03879
8.0,4.0,1.7342861,5.4800406,2.740245,-48.56991
8.0,5.0,1.2648045,4.5653896,2.2999387,-40.23069
8.0,6.0,1.3529261,3.6023014,2.316482,-31.91384
8.0,7.0,1.0292323,2.6925972,1.8365027,-23.769167
8.0,8.0,1.3110678,1.9238027,2.1528473,-15.599894
8.0,9.0,1.3736954,1.1041052,2.157953,-7.7202363
9.0,0.0,0.46020114,8.163336,1.5353081,-87.90761
9.0,1.0,0.37403652,7.232887,1.4172659,-78.327286
9.0,2.0,0.49422446,6.3159766,1.5102367,-68.863144
9.0,3.0,0.53804976,5.408127,1.5445465,-59.647038
9.0,4.0,0.54551625,4.491459,1.461461,-50.63551
9.0,5.0,0.63405424,3.6484835,1.5021136,-41.755253
9.0,6.0,0.712504,2.8371677,1.4933197,-33.076447
9.0,7.0,0.65042365,2.0983183,1.4283409,-24.566216
9.0,8.0,0.7129986,1.3473481,1.5735114,-16.189005
9.0,9.0,0.98233116,0.49677065,1.4055537,-8.058422
10.0,0.0,2.432769,6.872859,2.7257097,-82.34739
10.0,1.0,3.4247384,6.714202,3.4419844,-73.30149
10.0,2.0,3.338618,6.833629,3.5307703,-64.640945
10.0,3.0,2.9501662,6.777017,3.4573174,-56.175205
10.0,4.0,2.2480817,6.3978224,3.2897348,-47.861317
10.0,5.0,3.0536163,5.4654794,3.9283123,-39.67312
10.0,6.0,1.5413241,4.6844726,2.750772,-31.789785
10.0,7.0,1.1884546,3.5459435,2.1886225,-23.783869
10.0,8.0,1.0851887,2.59773,1.9720995,-15.756641
10.0,9.0,0.93426275,1.7457336,1.9283352,-7.8075814
11.0,0.0,0.5283934,3.9766932,1.028558,-93.638306
11.0,1.0,0.4587083,3.547478,0.99112624,-83.66643
11.0,2.0,0.47081804,3.076592,0.9939357,-73.8577
11.0,3.0,0.44914246,2.605586,0.96654546,-64.24785
11.0,4.0,0.52238053,2.1307988,1.0309484,-54.803844
11.0,5.0,0.34129584,1.6553377,0.903396,-45.608234
11.0,6.0,0.32532564,1.1155485,0.9866976,-36.476723
11.0,7.0,0.38410267,0.4634454,0.778438,-27.606428
11.0,8.0,0.30946746,0.070520505,0.3643098,-18.70499
11.0,9.0,0.33398297,0.01599813,0.3377436,-9.29343
12.0,0.0,0.6739337,6.3783846,1.4384549,-89.10636
12.0,1.0,0.62576485,5.7284317,1.4202745,-79.4634
12.0,2.0,0.70372677,5.034614,1.488134,-70.001274
12.0,3.0,0.5419223,4.336946,1.3560675,-60.771564
12.0,4.0,0.42880696,3.5946944,1.2049863,-51.642
12.0,5.0,0.38214487,2.8760357,1.123701,-42.588715
12.0,6.0,0.43820286,2.1780403,1.1402278,-33.654316
12.0,7.0,0.5743816,1.5061381,1.351469,-24.91138
12.0,8.0,0.90561354,0.7439292,1.4938687,-16.487698
12.0,9.0,0.90387386,0.15885112,1.0276446,-8.3147745
13.0,0.0,1.195458,1.0481095,1.2209285,-90.31048
13.0,1.0,1.2335991,1.0435091,1.1979759,-80.50811
13.0,2.0,0.9399028,1.1011554,1.0150108,-70.88354
13.0,3.0,0.90246624,1.0469869,1.0697322,-61.29384
13.0,4.0,0.92144865,0.8976744,1.1808335,-51.945145
13.0,5.0,1.0659889,0.65131587,1.3707944,-42.873512
13.0,6.0,0.791704,0.35358194,1.0446466,-34.114944
13.0,7.0,0.949411,0.10269321,1.0052261,-25.295126
13.0,8.0,1.3689888,0.047834795,1.3649688,-16.618393
13.0,9.0,0.936791,0.052912988,0.96022785,-8.371386
14.0,0.0,1.4894245,0.25802612,1.3648577,-89.96434
14.0,1.0,1.6054134,0.39040095,1.4024265,-80.2706
14.0,2.0,1.0374448,0.6054978,0.9959823,-70.79649
14.0,3.0,1.3317556,0.66016364,1.3383791,-61.18863
14.0,4.0,1.2300466,0.6668777,1.389131,-52.04707
14.0,5.0,1.2740109,0.5181564,1.4920667,-43.12162
14.0,6.0,1.0247287,0.30622506,1.2202005,-34.436985
14.0,7.0,0.94363505,0.11301345,1.0089468,-25.753115
14.0,8.0,0.8965229,0.04867522,0.912896,-17.079586
14.0,9.0,0.8227651,0.03296137,0.8302143,-8.494068
15.0,0.0,1.4512796,6.0892034,1.9592613,-86.227875
15.0,1.0,1.55546,5.695124,2.079488,-76.87833
15.0,2.0,1.5728596,5.2766285,2.14692,-67.77017
15.0,3.0,1.3835717,4.7985387,2.1440787,-58.87262
15.0,4.0,1.2909122,4.1204405,2.0954669,-50.151863
15.0,5.0,1.0571287,3.3835568,1.8805016,-41.5859
15.0,6.0,1.0539328,2.6124322,1.7760586,-33.0999
15.0,7.0,0.7190238,1.9288843,1.4814546,-24.735964
15.0,8.0,0.8082115,1.1902587,1.6152045,-16.389282
15.0,9.0,0.7302134,0.3910876,1.0717115,-8.279936
16.0,0.0,0.43034887,1.8440568,0.6948453,-97.046455
16.0,1.0,0.33034784,1.6117963,0.59658885,-86.67568
16.0,2.0,0.30832875,1.3730156,0.57116884,-76.356186
16.0,3.0,0.30107236,1.1328323,0.60052013,-66.198944
16.0,4.0,0.36162806,0.85039234,0.7217628,-56.294605
16.0,5.0,0.35855502,0.50026286,0.70863074,-46.76522
16.0,6.0,0.33900356,0.15325217,0.4593754,-37.40926
16.0,7.0,0.42596215,0.03355136,0.4392689,-27.834238
16.0,8.0,0.3871024,0.020657783,0.3922516,-18.408627
16.0,9.0,0.43166614,0.015825063,0.4325314,-9.06636
17.0,0.0,0.5076386,8.545183,1.6251348,-86.08451
17.0,1.0,0.43391475,7.5792727,1.5107793,-76.5585
17.0,2.0,0.58262336,6.6351104,1.6271341,-67.15465
17.0,3.0,0.8023807,5.704694,1.8109063,-58.00699
17.0,4.0,0.7792888,4.792008,1.7339863,-49.137703
17.0,5.0,0.97908723,3.9156227,1.9030875,-40.407993
17.0,6.0,1.3376935,3.052676,2.1620111,-31.932121
17.0,7.0,1.4656794,2.273835,2.197542,-23.731045
17.0,8.0,1.426098,1.5734413,2.2311604,-15.707084
17.0,9.0,1.1846648,0.7840602,1.8138107,-7.8555307
18.0,0.0,1.07627,4.0786448,1.4480834,-87.09199
18.0,1.0,1.0900922,3.782481,1.4863372,-77.45546
18.0,2.0,1.031514,3.4553425,1.4964393,-68.03625
18.0,3.0,1.2269335,3.051446,1.7092854,-58.81168
18.0,4.0,0.9936318,2.6215246,1.5598141,-49.89102
18.0,5.0,1.1562517,2.097288,1.6913804,-41.068417
18.0,6.0,1.4566791,1.5940399,1.9979163,-32.49199
18.0,7.0,1.1693665,1.0742885,1.7962356,-24.225925
18.0,8.0,1.3292658,0.45655042,1.6754271,-16.03852
18.0,9.0,1.535029,0.11264195,1.5917301,-7.958804
19.0,0.0,1.385658,6.506486,1.9665589,-85.47883
19.0,1.0,1.4708264,6.0465155,2.0801966,-76.13275
19.0,2.0,1.529065,5.548107,2.1554074,-67.02491
19.0,3.0,1.39639,5.022209,2.187439,-58.130867
19.0,4.0,1.1348301,4.31751,1.983586,-49.42755
19.0,5.0,1.237638,3.539545,2.0920942,-40.814453
19.0,6.0,1.1337384,2.7398865,1.8831524,-32.418457
19.0,7.0,0.9549203,2.0310943,1.6950587,-24.10335
19.0,8.0,1.2333349,1.3173019,2.0132298,-15.86834
19.0,9.0,1.1843656,0.5483744,1.638744,-7.935671
20.0,0.0,0.49827906,5.90983,1.2494384,-89.48253
20.0,1.0,0.42253542,5.26395,1.1984322,-79.70277
20.0,2.0,0.4822373,4.579646,1.2486914,-70.07857
20.0,3.0,0.5285808,3.8910122,1.259302,-60.685513
20.0,4.0,0.6066334,3.2247865,1.3048638,-51.48811
20.0,5.0,0.75737375,2.5781183,1.4136515,-42.506626
20.0,6.0,0.75595737,1.9610618,1.3906358,-33.774982
20.0,7.0,0.5666565,1.3534523,1.3343647,-25.20391
20.0,8.0,0.7193973,0.5976981,1.2195971,-16.769493
20.0,9.0,0.82621545,0.09948806,0.89648104,-8.42909
21.0,0.0,2.1203642,3.5791874,2.124786,-84.61951
21.0,1.0,2.570191,3.64772,2.534423,-75.345474
21.0,2.0,2.174452,3.7586608,2.3989074,-66.41575
21.0,3.0,1.7405182,3.6063323,2.2251368,-57.616394
21.0,4.0,1.3411763,3.185422,1.9838244,-48.92794
21.0,5.0,1.1240699,2.594667,1.7718436,-40.31495
21.0,6.0,1.283247,1.9866258,1.8826343,-31.778292
21.0,7.0,1.3983643,1.4155494,2.062379,-23.462955
21.0,8.0,1.9499706,0.7668724,2.4342613,-15.387895
21.0,9.0,2.3756053,0.28834876,2.509982,-7.6044483
22.0,0.0,2.0569332,9.154451,2.7912385,-81.50982
22.0,1.0,2.4536662,8.591986,3.1005406,-72.485374
22.0,2.0,2.9530516,8.107257,3.4029834,-63.733887
22.0,3.0,1.8115323,7.8135967,2.8463566,-55.236877
22.0,4.0,1.9072982,6.9171147,3.0755377,-46.759735
22.0,5.0,2.2331216,5.8661995,3.403306,-38.516228
22.0,6.0,2.9796662,4.7918525,3.9238846,-30.518982
22.0,7.0,2.4653952,3.9261572,3.517495,-22.792446
22.0,8.0,2.318608,2.9327118,3.210449,-15.1371975
22.0,9.0,1.6750904,2.0825212,2.6397297,-7.5662174
23.0,0.0,0.91107213,8.011879,1.834557,-85.89971
23.0,1.0,0.89643586,7.2330546,1.8438189,-76.48848
23.0,2.0,1.0733436,6.413951,1.9750174,-67.2701
23.0,3.0,1.2304199,5.6247725,2.1418862,-58.297985
23.0,4.0,1.141646,4.809496,2.078458,-49.576336
23.0,5.0,1.1626174,3.951718,2.0968044,-41.003387
23.0,6.0,0.6583915,3.0791135,1.4914409,-32.609276
23.0,7.0,0.8622258,2.2919023,1.6276586,-24.097977
23.0,8.0,1.0452846,1.5576218,1.882875,-15.829485
23.0,9.0,1.252267,0.734726,1.8417434,-7.8435354
24.0,0.0,0.50963944,5.877881,1.2533907,-90.47321
24.0,1.0,0.4363293,5.238908,1.2057687,-80.696526
24.0,2.0,0.49556813,4.5606823,1.2560955,-71.0782
24.0,3.0,0.6215488,3.8777094,1.3352462,-61.690693
24.0,4.0,0.5844184,3.2285836,1.2849224,-52.546993
24.0,5.0,0.6705908,2.5796733,1.3316158,-43.55167
24.0,6.0,0.51262945,1.9578044,1.1811967,-34.76767
24.0,7.0,0.47558624,1.3155482,1.2584852,-26.055542
24.0,8.0,0.40717196,0.54351956,0.8824725,-17.571598
24.0,9.0,0.43637586,0.06961123,0.48837796,-8.956929
25.0,0.0,2.2475328,4.687361,2.3278012,-83.39975
25.0,1.0,2.8346443,4.7011147,2.823134,-74.20997
25.0,2.0,2.5144029,4.808801,2.7510557,-65.376045
25.0,3.0,2.323718,4.6654572,2.8427744,-56.696396
25.0,4.0,1.7854118,4.2310214,2.543648,-48.218193
25.0,5.0,1.784896,3.5436583,2.595138,-39.816654
25.0,6.0,1.7066439,2.7892,2.4514208,-31.599636
25.0,7.0,2.1926262,2.086146,2.8463,-23.500946
25.0,8.0,1.5613136,1.4617066,2.3401875,-15.681887
25.0,9.0,1.2206819,0.69676805,1.7859427,-7.867704
26.0,0.0,1.8466568,3.0716515,1.8852984,-85.08603
26.0,1.0,2.1090198,3.0949082,2.1406524,-75.70043
26.0,2.0,1.7697186,3.1257913,2.0123227,-66.61864
26.0,3.0,1.9007632,2.9420276,2.2313135,-57.663292
26.0,4.0,1.7642436,2.6647725,2.2502496,-48.97724
26.0,5.0,1.9875324,2.223231,2.4780161,-40.472107
26.0,6.0,1.5830321,1.7681094,2.1325157,-32.217056
26.0,7.0,1.9565946,1.2434957,2.5274978,-24.004707
26.0,8.0,1.2190402,0.686319,1.7395424,-16.09221
26.0,9.0,1.3142471,0.1692008,1.4331309,-8.04278
27.0,0.0,1.1216599,3.450842,1.4109389,-87.09971
27.0,1.0,1.1443295,3.2260845,1.4497105,-77.4381
27.0,2.0,1.0424896,2.9803095,1.4265296,-67.99536
27.0,3.0,1.4303892,2.6492543,1.8097478,-58.726555
27.0,4.0,1.831195,2.31622,2.2397046,-49.856697
27.0,5.0,2.1782918,1.9466434,2.5713422,-41.34757
27.0,6.0,1.6611578,1.5852989,2.1800537,-33.12298
27.0,7.0,1.509874,1.0881662,2.1009822,-24.928715
27.0,8.0,1.0032825,0.50720197,1.4144521,-16.868616
27.0,9.0,0.6172023,0.09799223,0.69138825,-8.650925
28.0,0.0,1.970575,9.125991,2.727146,-79.94385
28.0,1.0,2.3057075,8.540224,3.0107343,-70.89842
28.0,2.0,2.7821827,7.9950995,3.283648,-62.12116
28.0,3.0,3.3260584,7.646566,3.772566,-53.59376
28.0,4.0,4.5071354,7.3469977,4.890287,-45.352108
28.0,5.0,4.509059,7.105966,5.253992,-37.482178
28.0,6.0,3.996018,6.4908495,4.987396,-29.824772
28.0,7.0,2.8635287,5.6117063,4.2163033,-22.281338
28.0,8.0,2.9917397,4.3458486,4.166893,-14.763562
28.0,9.0,2.3229394,3.2354033,3.3527496,-7.3874516
29.0,0.0,0.9797359,1.6571426,1.1051229,-91.44257
29.0,1.0,0.97626835,1.5630158,1.0769367,-81.54203
29.0,2.0,0.80584484,1.4921913,0.97702456,-71.8144
29.0,3.0,0.788363,1.347971,1.0272434,-62.18805
29.0,4.0,0.7273769,1.1317251,1.0476686,-52.8014
29.0,5.0,0.76084906,0.8279933,1.1632141,-43.620567
29.0,6.0,1.0544385,0.43431458,1.3345349,-34.716988
29.0,7.0,0.7148669,0.1573655,0.83047307,-26.110548
29.0,8.0,0.7143197,0.042611543,0.730586,-17.266521
29.0,9.0,0.83519715,0.026882911,0.8365697,-8.487593
30.0,0.0,0.40091377,3.4657037,0.87315,-94.284096
30.0,1.0,0.24696058,3.0545585,0.7682444,-84.14752
30.0,2.0,0.26247662,2.584974,0.7532203,-74.08571
30.0,3.0,0.30617666,2.1369698,0.7726872,-64.20564
30.0,4.0,0.3455745,1.7045503,0.81049246,-54.547848
30.0,5.0,0.35967427,1.2649307,0.8913088,-45.128315
30.0,6.0,0.42073804,0.7482614,0.9542915,-35.984497
30.0,7.0,0.5235925,0.2190897,0.7026255,-27.08453
30.0,8.0,0.5531789,0.040874127,0.5724816,-18.091412
30.0,9.0,0.411428,0.022011692,0.41875112,-9.095764
31.0,0.0,1.0096,8.312359,1.9470658,-84.75427
31.0,1.0,1.0112717,7.5254006,1.9762279,-75.39888
31.0,2.0,1.2237256,6.694331,2.1266706,-66.24422
31.0,3.0,1.5323719,5.9095774,2.4067945,-57.33823
31.0,4.0,1.5576639,5.137913,2.5215914,-48.717693
31.0,5.0,1.549822,4.2591686,2.5247924,-40.308838
31.0,6.0,1.6052717,3.3512225,2.5009906,-32.069206
31.0,7.0,1.2444298,2.505616,2.0149937,-23.986712
31.0,8.0,1.1570514,1.7704613,2.0007985,-15.8928585
31.0,9.0,0.83498085,0.94562674,1.5988051,-7.955275
32.0,0.0,0.8066614,9.671403,2.0076132,-84.72381
32.0,1.0,0.7765284,8.643317,1.9359484,-75.39702
32.0,2.0,1.1507764,7.6366296,2.2236943,-66.22348
32.0,3.0,1.0132282,6.6976647,2.1246474,-57.35714
32.0,4.0,1.1528131,5.7002506,2.2660978,-48.628437
32.0,5.0,1.153117,4.6805773,2.2042954,-40.12927
32.0,6.0,1.625494,3.7034683,2.6102786,-31.77702
32.0,7.0,1.2766879,2.774167,2.0935946,-23.729023
32.0,8.0,1.0464158,1.9972042,1.910348,-15.666084
32.0,9.0,1.4409552,1.1564001,2.2393727,-7.691696
33.0,0.0,0.49994957,4.358097,1.0536401,-91.04778
33.0,1.0,0.42457747,3.8820474,1.0125734,-81.09989
33.0,2.0,0.44784188,3.361277,1.0261524,-71.31213
33.0,3.0,0.56690985,2.8397617,1.1042439,-61.732895
33.0,4.0,0.48211217,2.349416,1.0364122,-52.41384
33.0,5.0,0.55499625,1.831751,1.0952924,-43.223087
33.0,6.0,0.48024145,1.3178111,1.1266606,-34.26578
33.0,7.0,0.7321447,0.6850938,1.2549,-25.512375
33.0,8.0,0.7694158,0.16565153,0.8982627,-17.026009
33.0,9.0,0.8889785,0.03755573,0.8991271,-8.426605
34.0,0.0,1.7769649,1.8652225,1.729071,-88.44372
34.0,1.0,2.0045102,1.9521595,1.9287031,-78.976585
34.0,2.0,1.5647135,2.0693538,1.6826277,-69.799614
34.0,3.0,1.3636042,1.9912649,1.6416028,-60.68258
34.0,4.0,0.92808914,1.7482309,1.3213654,-51.725815
34.0,5.0,0.80714715,1.3826069,1.2658161,-42.755615
34.0,6.0,1.0139704,0.9427938,1.5202928,-33.926983
34.0,7.0,0.71080196,0.44537905,1.0693806,-25.431976
34.0,8.0,0.9520545,0.08857177,1.0035763,-16.808758
34.0,9.0,1.034327,0.03780613,1.0408534,-8.304162
35.0,0.0,1.2183478,3.0919087,1.4421756,-88.97453
35.0,1.0,1.261579,2.926613,1.495831,-79.33407
35.0,2.0,1.1157186,2.7473075,1.4446619,-69.92085
35.0,3.0,0.7759031,2.4677186,1.2208483,-60.663742
35.0,4.0,0.96030474,2.0640545,1.4149297,-51.43777
35.0,5.0,1.2709758,1.642275,1.7144645,-42.52873
35.0,6.0,1.220897,1.2232513,1.7488586,-33.963924
35.0,7.0,1.1435978,0.70947933,1.6323878,-25.587067
35.0,8.0,0.7189995,0.22519328,0.9039417,-17.320974
35.0,9.0,0.61314976,0.041072525,0.6334373,-8.726989
36.0,0.0,0.4358517,3.111329,0.8566934,-93.03998
36.0,1.0,0.33915725,2.7453952,0.78826815,-82.88411
36.0,2.0,0.34242913,2.3431473,0.7678092,-72.848145
36.0,3.0,0.42496794,1.9569054,0.83420515,-62.987015
36.0,4.0,0.49003577,1.5792533,0.9078072,-53.40292
36.0,5.0,0.6722513,1.1851858,1.1351843,-44.089592
36.0,6.0,0.74567014,0.7369927,1.2264173,-35.164272
36.0,7.0,0.7697792,0.26147512,0.9740347,-26.484814
36.0,8.0,0.6213661,0.05838731,0.65516764,-17.780687
36.0,9.0,0.50961614,0.025087534,0.51727766,-8.905583
37.0,0.0,0.86627746,7.174711,1.6851339,-87.20525
37.0,1.0,0.84479535,6.485566,1.6979866,-77.71372
37.0,2.0,0.96394056,5.747321,1.7922105,-68.41907
37.0,3.0,0.8814509,5.0194397,1.7668433,-59.359383
37.0,4.0,0.74469936,4.2184153,1.5973058,-50.468224
37.0,5.0,0.86048865,3.434499,1.6914542,-41.666546
37.0,6.0,0.85198385,2.6566668,1.5894853,-33.090157
37.0,7.0,0.77397716,1.9583318,1.5299388,-24.632874
37.0,8.0,0.8110722,1.2269082,1.6276478,-16.31303
37.0,9.0,0.80332184,0.4187067,1.1667198,-8.209905
38.0,0.0,1.1522886,0.6564045,1.1531754,-88.490105
38.0,1.0,1.1812104,0.6688956,1.0982828,-78.631615
38.0,2.0,0.8590499,0.7671665,0.8870301,-68.92306
38.0,3.0,1.3084791,0.7542717,1.3421202,-59.20324
38.0,4.0,2.047265,0.7353374,2.0281427,-50.064224
38.0,5.0,1.7064875,0.76985675,1.9302322,-41.470245
38.0,6.0,1.171199,0.5572573,1.5080235,-33.006363
38.0,7.0,1.2633784,0.22493139,1.4036918,-24.504469
38.0,8.0,1.4576102,0.08634487,1.4830378,-16.112663
38.0,9.0,1.6374471,0.062160466,1.642632,-7.9337907
39.0,0.0,1.9579523,9.528408,2.7735713,-81.78907
39.0,1.0,2.28492,8.890601,3.064113,-72.758896
39.0,2.0,2.9396982,8.276947,3.4190023,-63.99704
39.0,3.0,2.8824978,7.956778,3.510629,-55.504017
39.0,4.0,3.108329,7.478211,3.970427,-47.20284
39.0,5.0,2.4086108,6.751136,3.7395856,-39.1672
39.0,6.0,1.8936285,5.5307755,3.231941,-31.244955
39.0,7.0,1.4210054,4.2780232,2.622162,-23.367062
39.0,8.0,1.2669879,3.1396596,2.2200742,-15.483605
39.0,9.0,1.4511645,2.2311974,2.4331071,-7.62814
40.0,0.0,0.46686718,4.0814137,0.99572635,-92.921776
40.0,1.0,0.382887,3.6250556,0.9462085,-82.917496
40.0,2.0,0.40233126,3.1242185,0.95050585,-73.063156
40.0,3.0,0.4738435,2.6286163,0.9907295,-63.410286
40.0,4.0,0.44827613,2.1548269,0.97150373,-53.989594
40.0,5.0,0.4233549,1.6648971,0.968224,-44.739204
40.0,6.0,0.4208202,1.1428857,1.0644628,-35.67076
40.0,7.0,0.52194065,0.5094318,0.943083,-26.8675
40.0,8.0,0.4055394,0.090091266,0.47567162,-18.135221
40.0,9.0,0.47656038,0.02036636,0.4805726,-8.971373
41.0,0.0,0.46156222,4.6655655,1.063525,-89.86536
41.0,1.0,0.37586096,4.146533,1.0126575,-79.92674
41.0,2.0,0.40760037,3.5813637,1.0331357,-70.13907
41.0,3.0,0.38840705,3.0161514,0.9870925,-60.56633
41.0,4.0,0.34068674,2.466802,0.93708104,-51.142174
41.0,5.0,0.37848717,1.9085791,0.9593442,-41.858356
41.0,6.0,0.77130646,1.3548185,1.3668166,-32.781548
41.0,7.0,1.0451353,0.7748043,1.5792179,-24.195654
41.0,8.0,1.8364611,0.24563439,1.96601,-15.9021435
41.0,9.0,1.5468388,0.1184545,1.6081823,-7.950625
42.0,0.0,0.7235395,0.5000186,0.75494987,-96.759254
42.0,1.0,0.68200016,0.47817162,0.65705734,-86.47417
42.0,2.0,0.5099616,0.513382,0.56548643,-76.253815
42.0,3.0,0.45467046,0.46720114,0.6034815,-66.08641
42.0,4.0,0.6469447,0.32488787,0.7935696,-56.186947
42.0,5.0,0.50590134,0.18190096,0.62307394,-46.747513
42.0,6.0,0.36898065,0.06604937,0.40966976,-37.27039
42.0,7.0,0.3965998,0.025877813,0.403804,-27.58509
42.0,8.0,0.46609855,0.019054692,0.46733055,-18.079796
42.0,9.0,0.5198801,0.01818641,0.52069473,-8.899722
43.0,0.0,1.3930918,3.8114977,1.6461788,-86.523865
43.0,1.0,1.4803352,3.6310313,1.7440403,-77.0101
43.0,2.0,1.3398387,3.4360468,1.7319574,-67.740295
43.0,3.0,1.2986826,3.106049,1.7789088,-58.64958
43.0,4.0,1.0515271,2.6794112,1.6251919,-49.764465
43.0,5.0,1.1241558,2.148721,1.6717975,-40.97801
43.0,6.0,1.3504852,1.6337543,1.9051344,-32.39159
43.0,7.0,1.1436359,1.1011276,1.7802984,-24.086124
43.0,8.0,1.4114499,0.4739439,1.7634199,-15.891418
43.0,9.0,1.7666231,0.12446325,1.8197724,-7.8529544
44.0,0.0,0.8986631,2.4196637,1.1298023,-89.28956
44.0,1.0,0.8820978,2.233188,1.1119024,-79.41086
44.0,2.0,0.77654135,2.0442686,1.0504557,-69.714264
44.0,3.0,0.76060975,1.8064839,1.0889418,-60.157417
44.0,4.0,0.53747475,1.5083182,0.9366791,-50.825356
44.0,5.0,0.65293914,1.1317489,1.1148139,-41.541138
44.0,6.0,1.1469921,0.683545,1.548272,-32.59964
44.0,7.0,1.671136,0.2880256,1.8189759,-24.120113
44.0,8.0,1.7072995,0.14304665,1.7635611,-15.943001
44.0,9.0,1.6775303,0.08855608,1.704308,-7.904601
45.0,0.0,1.1493206,9.489058,2.2168128,-84.737686
45.0,1.0,1.1776263,8.593433,2.2589884,-75.50289
45.0,2.0,1.6064353,7.665379,2.5431395,-66.46984
45.0,3.0,1.5004483,6.865995,2.5079088,-57.721706
45.0,4.0,1.1413118,5.9780965,2.308779,-49.13657
45.0,5.0,0.92610985,4.908805,2.005001,-40.653244
45.0,6.0,0.94691,3.908075,1.9617386,-32.22147
45.0,7.0,1.1261708,2.9522924,1.9819767,-23.940287
45.0,8.0,0.8031174,2.1392717,1.6959313,-15.833052
45.0,9.0,1.1717881,1.2718956,2.0415685,-7.7631574
46.0,0.0,1.6455314,3.1737828,1.7551473,-86.65994
46.0,1.0,1.8165412,3.1267006,1.9282792,-77.20697
46.0,2.0,1.5561771,3.0764928,1.84241,-68.02979
46.0,3.0,1.2809002,2.847204,1.7196933,-58.995094
46.0,4.0,1.2326684,2.4575622,1.7473838,-50.079857
46.0,5.0,0.846549,1.9824967,1.378631,-41.356865
46.0,6.0,1.4143467,1.480015,1.9484569,-32.603283
46.0,7.0,1.7896911,0.965209,2.306198,-24.316471
46.0,8.0,1.1292026,0.45785928,1.4924904,-16.331139
46.0,9.0,1.1871119,0.0965015,1.2439336,-8.157462
47.0,0.0,1.4259276,3.0634153,1.5884923,-87.89506
47.0,1.0,1.5225741,2.9600513,1.6925594,-78.34729
47.0,2.0,1.319315,2.8470063,1.621895,-69.049675
47.0,3.0,1.1855373,2.5963535,1.5968447,-59.89907
47.0,4.0,0.8119669,2.229639,1.3118452,-50.91751
47.0,5.0,0.8040487,1.765062,1.305301,-41.940823
47.0,6.0,0.7503452,1.2896017,1.3447267,-33.13927
47.0,7.0,0.94398224,0.7094083,1.4567721,-24.53938
47.0,8.0,1.3471823,0.20063105,1.4804202,-16.178663
47.0,9.0,1.4961996,0.068768434,1.5147679,-7.9983454
48.0,0.0,1.0900286,7.381556,1.8730125,-86.04317
48.0,1.0,1.1064816,6.7332363,1.9341795,-76.65143
48.0,2.0,1.2443342,6.0260596,2.035691,-67.47706
48.0,3.0,1.6092341,5.3415337,2.3950682,-58.532043
48.0,4.0,1.3381479,4.6486726,2.230658,-49.907295
48.0,5.0,0.79655457,3.8328185,1.700118,-41.394722
48.0,6.0,0.7094778,2.9890356,1.5221443,-32.82271
48.0,7.0,0.7856028,2.220785,1.5529087,-24.328737
48.0,8.0,0.9410139,1.4831419,1.7839952,-16.021282
48.0,9.0,0.97616494,0.65322506,1.5265782,-7.992136
49.0,0.0,0.6869011,8.194295,1.7017385,-87.460144
49.0,1.0,0.64046425,7.3259773,1.6478896,-77.97791
49.0,2.0,0.80383027,6.447502,1.7763902,-68.655396
49.0,3.0,0.71476495,5.5866756,1.7202458,-59.58767
49.0,4.0,0.75973916,4.674689,1.6931016,-50.672714
49.0,5.0,0.61937237,3.8176801,1.517313,-41.92215
49.0,6.0,0.4814779,2.9793262,1.3055162,-33.25207
49.0,7.0,0.66404843,2.1992733,1.4447728,-24.626688
49.0,8.0,0.69740224,1.4474989,1.5770525,-16.259056
49.0,9.0,0.7843273,0.57943755,1.286121,-8.1303005
50.0,0.0,1.3802184,0.81483126,1.3607688,-90.33704
50.0,1.0,1.4638808,0.8513071,1.3543288,-80.640396
50.0,2.0,1.066038,0.9804685,1.0938282,-71.13318
50.0,3.0,1.1429302,0.9721206,1.255368,-61.61492
50.0,4.0,0.7523484,0.87722737,1.0370039,-52.414635
50.0,5.0,0.6525991,0.60466516,1.007185,-43.22441
50.0,6.0,0.9647029,0.25518292,1.1276914,-34.191673
50.0,7.0,1.0494839,0.094075955,1.092392,-25.439066
50.0,8.0,1.1534975,0.052212086,1.1637311,-16.834187
50.0,9.0,0.8537717,0.042835183,0.8698117,-8.454584
51.0,0.0,1.5706824,2.8887796,1.673035,-86.993706
51.0,1.0,1.7138753,2.843293,1.8199458,-77.49533
51.0,2.0,1.4528806,2.793084,1.716815,-68.26494
51.0,3.0,1.262027,2.5807648,1.6586968,-59.16623
51.0,4.0,1.8034844,2.2286682,2.1986444,-50.21873
51.0,5.0,1.2798222,1.8709267,1.7621946,-41.69384
51.0,6.0,1.0234514,1.4168922,1.591197,-33.15252
51.0,7.0,1.2591494,0.8664761,1.8065279,-24.696148
51.0,8.0,1.0168018,0.32560995,1.2776921,-16.51342
51.0,9.0,1.133992,0.066040486,1.1641177,-8.211738
52.0,0.0,1.004208,0.5228436,1.0068253,-91.98934
52.0,1.0,1.0049385,0.5308431,0.93041456,-81.99614
52.0,2.0,0.72601426,0.6177215,0.75282496,-72.1252
52.0,3.0,0.75650823,0.6029701,0.8711683,-62.244606
52.0,4.0,0.7826572,0.49827555,0.97833234,-52.70198
52.0,5.0,0.97710234,0.30877596,1.1319774,-43.45807
52.0,6.0,0.7717997,0.1570417,0.8705289,-34.530228
52.0,7.0,0.83342576,0.059502527,0.85552955,-25.548122
52.0,8.0,0.8550026,0.038161997,0.86287284,-16.730343
52.0,9.0,1.3514243,0.030909935,1.3411556,-8.096305
53.0,0.0,1.7849218,0.55314064,1.6803008,-88.278114
53.0,1.0,2.0162544,0.67118514,1.7799401,-78.78385
53.0,2.0,1.3662122,0.9260197,1.3200774,-69.53291
53.0,3.0,1.3773563,0.9919945,1.4488181,-60.19194
53.0,4.0,1.2913907,0.9393192,1.4961121,-51.122574
53.0,5.0,1.2277161,0.74958944,1.5357491,-42.2631
53.0,6.0,1.2909954,0.4505678,1.5503228,-33.603493
53.0,7.0,1.4615049,0.1951433,1.559546,-25.125082
53.0,8.0,1.12305,0.09908396,1.1775278,-16.821169
53.0,9.0,0.8544933,0.045516416,0.8730551,-8.451437
54.0,0.0,1.0250462,5.563488,1.5881268,-86.06116
54.0,1.0,1.0294477,5.1024566,1.6336917,-76.51318
54.0,2.0,1.0559744,4.5900126,1.6862857,-67.182594
54.0,3.0,1.1156247,4.0405116,1.7913171,-58.067543
54.0,4.0,1.0044144,3.4334893,1.7167236,-49.188602
54.0,5.0,1.2890255,2.7767148,1.9732009,-40.450157
54.0,6.0,1.1786416,2.1352446,1.805326,-32.00489
54.0,7.0,1.3857564,1.539347,2.0635846,-23.654613
54.0,8.0,2.0144446,0.87910086,2.551791,-15.580025
54.0,9.0,1.6065054,0.348729,1.8662075,-7.8331923
55.0,0.0,2.252697,8.923248,2.8958738,-82.27818
55.0,1.0,2.846626,8.449052,3.280406,-73.286896
55.0,2.0,3.2848415,8.178849,3.6260014,-64.5846
55.0,3.0,2.0109127,7.997642,2.9960124,-56.141354
55.0,4.0,1.2734015,7.155655,2.604879,-47.707546
55.0,5.0,1.510628,5.943038,2.7663648,-39.32597
55.0,6.0,1.2763569,4.78296,2.4946408,-31.161285
55.0,7.0,1.7115694,3.6374242,2.743957,-23.07674
55.0,8.0,1.7751191,2.6582007,2.645665,-15.228994
55.0,9.0,1.9136257,1.8241378,2.843752,-7.5100985
56.0,0.0,0.7360388,4.0616474,1.1936888,-88.88917
56.0,1.0,0.6961808,3.6775482,1.1853247,-79.06466
56.0,2.0,0.68837905,3.2534735,1.1935887,-69.42987
56.0,3.0,0.66486585,2.8043509,1.1819055,-59.994328
56.0,4.0,1.1971855,2.333991,1.6894976,-50.7384
56.0,5.0,1.2645886,1.8792642,1.7496154,-41.98597
56.0,6.0,1.2219615,1.4226911,1.7699082,-33.43853
56.0,7.0,0.7953257,0.8925963,1.414315,-25.07169
56.0,8.0,0.9270586,0.27919084,1.1519735,-16.686209
56.0,9.0,1.025134,0.055383664,1.0484903,-8.298093
57.0,0.0,1.59527,3.666122,1.7722201,-86.100426
57.0,1.0,1.7472903,3.5603795,1.9268444,-76.65659
57.0,2.0,1.5435603,3.4498217,1.8892552,-67.47873
57.0,3.0,1.450855,3.1674764,1.9151151,-58.46669
57.0,4.0,1.1453606,2.758384,1.7274398,-49.64689
57.0,5.0,1.2520056,2.220719,1.8085316,-40.91388
57.0,6.0,1.2743201,1.6981561,1.8412544,-32.3947
57.0,7.0,1.5431209,1.1543081,2.1472788,-24.06086
57.0,8.0,1.6037116,0.5613777,1.9992056,-16.01831
57.0,9.0,1.246498,0.16926916,1.3683059,-8.080094
58.0,0.0,2.1817362,3.409257,2.1504922,-82.846664
58.0,1.0,2.6914983,3.510715,2.6141775,-73.583786
58.0,2.0,2.245887,3.661261,2.4399135,-64.68168
58.0,3.0,1.9611574,3.5379946,2.382191,-55.897224
58.0,4.0,1.8933892,3.1805727,2.4444282,-47.26783
58.0,5.0,2.18334,2.683198,2.7523887,-38.8328
58.0,6.0,2.5072732,2.1572952,3.0122392,-30.663979
58.0,7.0,2.7524183,1.6860502,3.2365367,-22.730429
58.0,8.0,2.369119,1.2264609,2.999011,-15.0111885
58.0,9.0,3.066603,0.60874367,3.3482115,-7.3884525
59.0,0.0,1.9573205,5.398941,2.21882,-83.28844
59.0,1.0,2.2838845,5.2422867,2.4906025,-74.05448
59.0,2.0,2.145394,5.138335,2.520432,-65.10917
59.0,3.0,2.1656172,4.8605075,2.753907,-56.353188
59.0,4.0,2.1810884,4.359406,2.8794248,-47.848015
59.0,5.0,1.9861083,3.7357852,2.7998128,-39.550007
59.0,6.0,1.3937397,2.9817147,2.1991205,-31.395128
59.0,7.0,1.3841071,2.220749,2.1134734,-23.208
59.0,8.0,1.9645038,1.521819,2.7207778,-15.152678
59.0,9.0,2.5892496,0.7811685,3.0595746,-7.455361
60.0,0.0,2.3453293,5.057601,2.4349356,-81.99756
60.0,1.0,3.0899754,5.069382,3.041674,-72.84903
60.0,2.0,2.768303,5.222126,2.9703948,-64.08075
60.0,3.0,2.8482897,5.1224833,3.2683187,-55.467422
60.0,4.0,2.8488045,4.7984223,3.455324,-47.106663
60.0,5.0,2.2461574,4.277452,3.1039236,-38.95858
60.0,6.0,1.8921765,3.489475,2.8039265,-30.887356
60.0,7.0,2.149412,2.6303315,2.905901,-22.896748
60.0,8.0,2.1990223,1.9120839,2.9737592,-15.093875
60.0,9.0,2.3053765,1.1605579,3.021545,-7.464691
61.0,0.0,0.56386346,5.29459,1.2170533,-90.08771
61.0,1.0,0.50015515,4.736122,1.1867597,-80.28223
61.0,2.0,0.5440189,4.1321607,1.2271038,-70.648605
61.0,3.0,0.5374297,3.519465,1.1976088,-61.239155
61.0,4.0,0.68158174,2.9176385,1.3216301,-51.995438
61.0,5.0,0.75520384,2.3240716,1.3590522,-43.02542
61.0,6.0,0.7157266,1.75533,1.3395752,-34.25931
61.0,7.0,0.57444,1.1545727,1.3097003,-25.656116
61.0,8.0,0.62639594,0.42786986,0.99390954,-17.205948
61.0,9.0,0.6189108,0.06158796,0.658554,-8.693119
62.0,0.0,2.272056,1.8448555,2.0928164,-83.86758
62.0,1.0,2.8927321,2.0654037,2.5936966,-74.57949
62.0,2.0,2.1734178,2.4126928,2.2062733,-65.67038
62.0,3.0,2.766165,2.4284053,2.7852652,-56.797054
62.0,4.0,3.3844562,2.4584749,3.37731,-48.301506
62.0,5.0,2.5874686,2.5159395,3.0436277,-40.134792
62.0,6.0,2.0330324,2.1018164,2.594264,-32.04772
62.0,7.0,1.4781262,1.5720251,2.1512496,-23.99477
62.0,8.0,1.3855052,0.91724664,2.0158007,-15.953705
62.0,9.0,1.2367421,0.2928072,1.4706014,-8.022048
63.0,0.0,0.93901825,5.2841115,1.4906857,-86.90913
63.0,1.0,0.9288236,4.8290243,1.5210528,-77.3005
63.0,2.0,0.9491414,4.3232603,1.56699,-67.903015
63.0,3.0,0.9266895,3.7810326,1.5804958,-58.720837
63.0,4.0,1.2081702,3.1910472,1.8650073,-49.730026
63.0,5.0,0.9718313,2.5859287,1.6223062,-41.063675
63.0,6.0,1.01324,1.9749528,1.6273035,-32.451416
63.0,7.0,1.0413934,1.3886626,1.7373185,-24.013996
63.0,8.0,1.3746912,0.7068751,1.8915839,-15.79924
63.0,9.0,1.7929441,0.1938596,1.9052857,-7.8169756
64.0,0.0,0.9964288,3.740319,1.3510164,-88.95725
64.0,1.0,0.9958117,3.4548278,1.3730264,-79.25363
64.0,2.0,0.93424547,3.1404219,1.3680716,-69.75944
64.0,3.0,0.9300778,2.7618325,1.4052159,-60.45176
64.0,4.0,1.1846807,2.3333616,1.6779438,-51.354637
64.0,5.0,1.2288604,1.8776516,1.7160726,-42.596203
64.0,6.0,0.7806152,1.4188159,1.3784201,-34.032196
64.0,7.0,0.7692207,0.8377662,1.3681676,-25.45356
64.0,8.0,0.71832323,0.2436931,0.9200339,-17.040215
64.0,9.0,0.8466264,0.042839255,0.86284965,-8.461381
65.0,0.0,2.0880587,8.125097,2.671825,-82.29842
65.0,1.0,2.5098774,7.6952353,2.9701478,-73.234436
65.0,2.0,2.733676,7.3826165,3.1686392,-64.44526
65.0,3.0,2.032055,7.0894427,2.8871531,-55.887405
65.0,4.0,1.8333102,6.3615766,2.9583688,-47.422325
65.0,5.0,2.0805237,5.343386,3.170735,-39.14673
65.0,6.0,2.0602298,4.339975,3.1506653,-31.092676
65.0,7.0,2.1284187,3.3158565,3.0521824,-23.19469
65.0,8.0,1.6181666,2.4409106,2.4725392,-15.430047
65.0,9.0,1.4134094,1.6189164,2.3376362,-7.6587353
66.0,0.0,1.5206257,5.781791,1.9689285,-83.96081
66.0,1.0,1.6467178,5.442335,2.0994632,-74.61586
66.0,2.0,1.6296303,5.091418,2.1610014,-65.51641
66.0,3.0,1.578118,4.653109,2.277718,-56.624672
66.0,4.0,2.0583594,4.0341926,2.72311,-47.956482
66.0,5.0,2.5393085,3.4382064,3.1791248,-39.61203
66.0,6.0,2.1785154,2.8555005,2.9002967,-31.56011
66.0,7.0,1.6276311,2.1772642,2.34059,-23.596457
66.0,8.0,1.2283858,1.4941891,2.0389943,-15.622938
66.0,9.0,1.6932397,0.6975313,2.2143338,-7.70035
67.0,0.0,0.5689795,8.149539,1.6110237,-89.26423
67.0,1.0,0.50606817,7.2525454,1.5275327,-79.729904
67.0,2.0,0.6480967,6.358246,1.640036,-70.33642
67.0,3.0,0.47045726,5.475823,1.499293,-61.195984
67.0,4.0,0.43749204,4.537742,1.3739916,-52.157623
67.0,5.0,0.4104799,3.6747372,1.290249,-43.22239
67.0,6.0,0.3603544,2.8520083,1.1755186,-34.41062
67.0,7.0,0.2619392,2.0784125,1.1228242,-25.694292
67.0,8.0,0.2606784,1.2423751,1.1814578,-17.113024
67.0,9.0,0.32200468,0.32815897,0.61974496,-8.74608
68.0,0.0,0.6388765,8.408548,1.6988276,-86.76526
68.0,1.0,0.58598495,7.498569,1.6256844,-77.2814
68.0,2.0,0.7547116,6.590683,1.7589726,-67.94623
68.0,3.0,0.7665961,5.7004304,1.7807608,-58.86956
68.0,4.0,1.017296,4.7819037,1.9562393,-49.985374
68.0,5.0,1.3321991,3.9213881,2.258953,-41.360313
68.0,6.0,0.9413696,3.0557492,1.7659932,-33.028496
68.0,7.0,0.8422448,2.2766585,1.6081593,-24.659803
68.0,8.0,0.7380743,1.5415756,1.6206546,-16.38134
68.0,9.0,0.4860882,0.67244405,1.0784795,-8.274725
69.0,0.0,1.7914369,9.010212,2.5868275,-81.879524
69.0,1.0,2.025905,8.382471,2.8212492,-72.78619
69.0,2.0,2.4421856,7.741966,3.0466235,-63.95169
69.0,3.0,2.5312295,7.283192,3.2225568,-55.36016
69.0,4.0,2.7968783,6.7263923,3.7217019,-46.987602
69.0,5.0,2.947741,5.919968,3.9632277,-38.89981
69.0,6.0,2.9383974,5.004573,3.938719,-31.023449
69.0,7.0,1.7713065,4.085971,2.9293065,-23.299828
69.0,8.0,1.6177306,2.9877253,2.540599,-15.503212
69.0,9.0,1.0687606,2.1069968,2.0685444,-7.7529736
70.0,0.0,1.1497272,9.622826,2.23721,-84.91809
70.0,1.0,1.1781172,8.709533,2.2756672,-75.69176
70.0,2.0,1.6538204,7.7673287,2.59075,-66.665344
70.0,3.0,1.2726457,6.969795,2.3600018,-57.93342
70.0,4.0,1.0121812,6.0024896,2.1970422,-49.295944
70.0,5.0,1.18645,4.915948,2.2727268,-40.77043
70.0,6.0,0.9670028,3.9078276,1.9832087,-32.44368
70.0,7.0,0.85453844,2.9506342,1.716049,-24.171505
70.0,8.0,0.8640622,2.131759,1.7494522,-15.946623
70.0,9.0,0.7851505,1.2718048,1.7104355,-7.9017644
71.0,0.0,1.1290485,4.7144594,1.5603602,-90.18791
71.0,1.0,1.153205,4.3705587,1.6134361,-80.62308
71.0,2.0,1.1207111,3.99013,1.6467963,-71.28084
71.0,3.0,0.9069794,3.5347393,1.5184599,-62.144165
71.0,4.0,0.6677082,2.982917,1.3202081,-53.11728
71.0,5.0,0.49909756,2.3779767,1.1357533,-44.146294
71.0,6.0,0.40550607,1.7768581,1.0853983,-35.22142
71.0,7.0,0.35958827,1.1193529,1.1278718,-26.435291
71.0,8.0,0.35985407,0.35823414,0.6779362,-17.857872
71.0,9.0,0.43401426,0.040971443,0.45881328,-9.013038
72.0,0.0,2.2514524,3.2573938,2.184705,-84.73371
72.0,1.0,2.8437269,3.391981,2.7216182,-75.48544
72.0,2.0,2.34026,3.5858057,2.500523,-66.619125
72.0,3.0,2.3119574,3.4954515,2.6366813,-57.8562
72.0,4.0,2.3145857,3.2354362,2.778762,-49.313942
72.0,5.0,1.7652874,2.8278162,2.4241529,-40.98636
72.0,6.0,1.3737814,2.2132149,2.0049782,-32.71314
72.0,7.0,1.0012418,1.6143042,1.7183816,-24.449991
72.0,8.0,1.0139216,0.9154738,1.6870419,-16.226227
72.0,9.0,1.0515896,0.24729955,1.2521544,-8.15209
73.0,0.0,1.7433443,8.702998,2.511245,-83.14583
73.0,1.0,1.9553802,8.097038,2.7283049,-74.02549
73.0,2.0,2.2912285,7.4735856,2.916573,-65.16135
73.0,3.0,2.2404585,6.9880013,3.0079336,-56.532257
73.0,4.0,1.1925473,6.347476,2.4186594,-48.10179
73.0,5.0,1.6009179,5.225881,2.7259216,-39.657814
73.0,6.0,1.3480933,4.1845684,2.4480357,-31.481098
73.0,7.0,1.4332261,3.1475773,2.334135,-23.38129
73.0,8.0,1.4141916,2.2925186,2.267667,-15.405569
73.0,9.0,1.7677087,1.4684114,2.6378798,-7.5667477
74.0,0.0,2.356372,4.996852,2.435265,-84.63133
74.0,1.0,3.1240625,5.0183253,3.0612113,-75.48294
74.0,2.0,2.787271,5.184873,2.9808671,-66.72026
74.0,3.0,2.0337956,5.0931396,2.6847174,-58.109966
74.0,4.0,1.6208436,4.532875,2.4609172,-49.58312
74.0,5.0,1.195348,3.7681649,2.0955215,-41.15376
74.0,6.0,0.96038085,2.9265218,1.755066,-32.759136
74.0,7.0,0.7525079,2.1753433,1.5206482,-24.385246
74.0,8.0,0.94685304,1.4359214,1.7828013,-16.060333
74.0,9.0,0.9342497,0.6122174,1.4549248,-8.030651
75.0,0.0,2.2359133,2.3334408,2.0968301,-86.647766
75.0,1.0,2.8081317,2.5229836,2.607023,-77.361435
75.0,2.0,2.1895406,2.779686,2.2767644,-68.4569
75.0,3.0,1.5355661,2.7474105,1.9115783,-59.611443
75.0,4.0,1.4810542,2.4197943,1.9613547,-50.790012
75.0,5.0,1.2126725,1.9790752,1.7204568,-42.167202
75.0,6.0,0.9204148,1.5013171,1.5049824,-33.605385
75.0,7.0,0.7924344,0.9354588,1.428352,-25.101772
75.0,8.0,0.8835086,0.3056542,1.1336588,-16.724571
75.0,9.0,0.99207264,0.056636818,1.0175319,-8.323001
76.0,0.0,0.97419643,5.246006,1.5117074,-86.153534
76.0,1.0,0.9697951,4.804587,1.5470369,-76.55836
76.0,2.0,0.98485327,4.3136177,1.5924213,-67.17677
76.0,3.0,0.9062073,3.7816832,1.562836,-58.009373
76.0,4.0,1.3479629,3.1888309,1.9904516,-49.008453
76.0,5.0,1.1507485,2.5983083,1.7984524,-40.398335
76.0,6.0,1.7145851,1.9904127,2.2858999,-31.874395
76.0,7.0,1.8987267,1.4480591,2.5135784,-23.71889
76.0,8.0,1.613206,0.8502116,2.1841953,-15.802023
76.0,9.0,1.4258325,0.28492066,1.6427214,-7.933748
77.0,0.0,2.01509,7.069625,2.4772217,-82.791374
77.0,1.0,2.3806393,6.74234,2.7451093,-73.658585
77.0,2.0,2.4340065,6.50803,2.8663735,-64.79988
77.0,3.0,2.285933,6.199656,2.9654367,-56.1558
77.0,4.0,2.3020108,5.632808,3.227009,-47.713333
77.0,5.0,1.6700028,4.8038883,2.7230275,-39.509357
77.0,6.0,1.9207428,3.827412,2.9128547,-31.331774
77.0,7.0,1.7602718,2.8931632,2.5946927,-23.371563
77.0,8.0,1.5249285,2.1007571,2.3639574,-15.479799
77.0,9.0,1.4492819,1.2874779,2.2930186,-7.673509
78.0,0.0,2.2318714,7.7630067,2.7194896,-82.646255
78.0,1.0,2.799047,7.4238653,3.09328,-73.59828
78.0,2.0,2.9396863,7.2751346,3.2902064,-64.844734
78.0,3.0,3.2877965,7.065933,3.7058835,-56.319042
78.0,4.0,2.56431,6.783516,3.5578456,-48.06267
78.0,5.0,2.288642,5.908143,3.4581082,-39.938377
78.0,6.0,1.4498456,4.835385,2.6868155,-31.953897
78.0,7.0,1.0557464,3.671852,2.0826952,-23.929125
78.0,8.0,0.84783024,2.698881,1.7582102,-15.861979
78.0,9.0,0.8871316,1.825001,1.8951775,-7.821135
79.0,0.0,2.0511558,3.1571245,2.0359886,-84.58648
79.0,1.0,2.4434183,3.2370327,2.404042,-75.27278
79.0,2.0,2.0301583,3.3432744,2.2391453,-66.29576
79.0,3.0,2.4074426,3.1982524,2.657383,-57.435555
79.0,4.0,2.1532784,3.0084815,2.6200964,-48.89998
79.0,5.0,1.7906674,2.593534,2.3924613,-40.523285
79.0,6.0,1.3957696,2.032388,1.9955386,-32.239178
79.0,7.0,1.1930448,1.4618561,1.8804507,-23.972126
79.0,8.0,1.536025,0.7902554,2.0836384,-15.82215
79.0,9.0,1.4987409,0.24759404,1.6784335,-7.916703
80.0,0.0,1.5680763,3.2806337,1.712029,-87.238174
80.0,1.0,1.7103503,3.200695,1.8589442,-77.76165
80.0,2.0,1.4828633,3.1143887,1.7922013,-68.550804
80.0,3.0,1.6559267,2.8622966,2.0269353,-59.49111
80.0,4.0,1.1801065,2.5421305,1.7166373,-50.721222
80.0,5.0,1.0023485,2.0465305,1.5359441,-41.98273
80.0,6.0,0.9336225,1.5438112,1.5192437,-33.32323
80.0,7.0,0.8413912,0.9777449,1.4848487,-24.827637
80.0,8.0,1.1268089,0.3411096,1.3945634,-16.482864
80.0,9.0,1.0660276,0.074852124,1.1064997,-8.253528
81.0,0.0,1.8795323,1.352936,1.7817552,-89.20632
81.0,1.0,2.1597183,1.4803195,1.9757454,-79.767555
81.0,2.0,1.6042202,1.6982574,1.6503898,-70.61267
81.0,3.0,1.1819882,1.6858039,1.430427,-61.47799
81.0,4.0,1.0210993,1.4666991,1.3528575,-52.397026
81.0,5.0,0.82753634,1.158103,1.2642468,-43.447933
81.0,6.0,0.9659749,0.7361148,1.4147032,-34.618206
81.0,7.0,0.7429323,0.29325157,0.97573465,-26.061829
81.0,8.0,0.731145,0.06168284,0.76479703,-17.359222
81.0,9.0,0.710233,0.02860287,0.7162844,-8.620377
82.0,0.0,0.73487616,2.4303854,1.0053248,-90.23322
82.0,1.0,0.69486135,2.204017,0.9655595,-80.23853
82.0,2.0,0.6269108,1.9727743,0.9187268,-70.40412
82.0,3.0,0.68756807,1.7152636,1.0091302,-60.718372
82.0,4.0,0.6580738,1.4221442,1.0262319,-51.315002
82.0,5.0,0.6338787,1.0754958,1.0940408,-42.115173
82.0,6.0,0.74227875,0.6278916,1.1731771,-33.156845
82.0,7.0,1.0525757,0.2010135,1.1884754,-24.438778
82.0,8.0,1.8075168,0.06644264,1.7890626,-15.906136
82.0,9.0,1.7387024,0.08662939,1.7599031,-7.8792677
83.0,0.0,1.2740695,9.496122,2.3026893,-84.97624
83.0,1.0,1.33031,8.640308,2.3854294,-75.77648
83.0,2.0,1.7951561,7.7399883,2.6733158,-66.79249
83.0,3.0,1.3228724,7.001866,2.4010868,-58.087925
83.0,4.0,1.4612136,6.0445423,2.6021695,-49.46534
83.0,5.0,0.90028024,5.0036597,1.9929751,-41.082893
83.0,6.0,0.9110965,3.9907806,1.9405252,-32.646046
83.0,7.0,0.6790406,3.0217876,1.5634096,-24.355852
83.0,8.0,0.76093185,2.1810396,1.659833,-16.053995
83.0,9.0,0.6092022,1.3083044,1.5759866,-7.966719
84.0,0.0,0.75466335,9.2256565,1.9030082,-87.28389
84.0,1.0,0.7173281,8.242154,1.8331662,-77.90705
84.0,2.0,0.98561347,7.271751,2.0418963,-68.683334
84.0,3.0,0.731959,6.3423142,1.8471603,-59.741047
84.0,4.0,0.69707745,5.3337884,1.7694457,-50.889324
84.0,5.0,0.70162046,4.348388,1.6888008,-42.17727
84.0,6.0,0.501715,3.429804,1.408962,-33.599537
84.0,7.0,0.47541612,2.5740378,1.3151877,-25.039677
84.0,8.0,0.33579758,1.7696594,1.3249044,-16.59304
84.0,9.0,0.31935865,0.79648226,1.019459,-8.321426
85.0,0.0,0.8718579,2.5279212,1.1217186,-90.09503
85.0,1.0,0.8512113,2.3245513,1.1026375,-80.20923
85.0,2.0,0.7571975,2.1154337,1.0474538,-70.50452
85.0,3.0,0.66075253,1.8624258,1.0134084,-60.944946
85.0,4.0,0.6224066,1.5405816,1.0133561,-51.54555
85.0,5.0,0.83317715,1.1730939,1.2704488,-42.3341
85.0,6.0,1.0367918,0.7508391,1.4811136,-33.508694
85.0,7.0,1.1398885,0.3127728,1.361644,-24.991478
85.0,8.0,1.1325952,0.09287474,1.1809912,-16.57411
85.0,9.0,1.1611929,0.045386504,1.1710896,-8.206836
86.0,0.0,0.46446013,4.0082417,0.9851111,-92.20424
86.0,1.0,0.37971503,3.5587661,0.93465096,-82.18923
86.0,2.0,0.39782476,3.0651329,0.93673724,-72.32278
86.0,3.0,0.3606578,2.5777757,0.8907271,-62.6558
86.0,4.0,0.5173472,2.0894966,1.0188811,-53.13434
86.0,5.0,0.5613492,1.6203703,1.0766368,-43.927895
86.0,6.0,0.5655479,1.1276355,1.1771305,-34.955185
86.0,7.0,0.6271169,0.5265846,1.0533017,-26.240053
86.0,8.0,0.5877159,0.10244883,0.6638054,-17.60376
86.0,9.0,0.6171816,0.026897265,0.62387437,-8.740274
87.0,0.0,0.7031526,5.074774,1.2914335,-88.5771
87.0,1.0,0.65888494,4.578054,1.285201,-78.82961
87.0,2.0,0.6895356,4.0323853,1.3235123,-69.272446
87.0,3.0,0.83324647,3.467764,1.442272,-59.93389
87.0,4.0,1.0326389,2.9170797,1.6528213,-50.86042
87.0,5.0,1.1347567,2.3437726,1.7245954,-42.08876
87.0,6.0,0.9848891,1.7897285,1.5826181,-33.529
87.0,7.0,0.81317437,1.2163261,1.5182738,-25.068054
87.0,8.0,0.7489612,0.52165985,1.1878113,-16.74184
87.0,9.0,0.89680994,0.0844998,0.9511013,-8.379384
88.0,0.0,0.5023439,1.6441226,0.7246153,-92.18918
88.0,1.0,0.4274956,1.4508685,0.6375103,-81.861824
88.0,2.0,0.38284427,1.2661773,0.6057789,-71.61056
88.0,3.0,0.45465997,1.0645334,0.70607954,-61.5129
88.0,4.0,0.54191047,0.8297079,0.8592827,-51.767654
88.0,5.0,0.6987214,0.52279156,1.0108131,-42.403023
88.0,6.0,1.000059,0.21499991,1.1285025,-33.373528
88.0,7.0,1.4884868,0.08832289,1.4952861,-24.62155
88.0,8.0,1.5903993,0.08318728,1.6040262,-16.282623
88.0,9.0,1.1957848,0.070980005,1.2285148,-8.167643
89.0,0.0,1.5650895,2.086438,1.590745,-87.07483
89.0,1.0,1.7063146,2.1028392,1.7217885,-77.52841
89.0,2.0,1.3753043,2.1299644,1.5442425,-68.24671
89.0,3.0,1.32901,2.001047,1.6143795,-59.051098
89.0,4.0,1.4513167,1.7506912,1.7921143,-50.079338
89.0,5.0,1.3865752,1.4386668,1.7879202,-41.378365
89.0,6.0,1.3997002,1.0584916,1.8794456,-32.849415
89.0,7.0,1.0245571,0.59055746,1.4579173,-24.532665
89.0,8.0,1.10984,0.16040534,1.2205054,-16.172607
89.0,9.0,1.8883351,0.050755057,1.8670805,-7.832825
90.0,0.0,1.6338336,1.5213275,1.5987408,-87.80597
90.0,1.0,1.8003061,1.588184,1.7208303,-78.26436
90.0,2.0,1.382226,1.7016938,1.4774408,-68.982124
90.0,3.0,1.848502,1.6392642,1.9614893,-59.745758
90.0,4.0,1.5759242,1.5574255,1.8572328,-50.947037
90.0,5.0,1.3134542,1.30216,1.7047585,-42.277065
90.0,6.0,0.8535386,0.92944455,1.3800358,-33.707394
90.0,7.0,0.9796839,0.41117072,1.2914907,-25.12976
90.0,8.0,1.0215745,0.101391755,1.0823182,-16.667751
90.0,9.0,1.1354617,0.041477654,1.1424884,-8.227154
91.0,0.0,1.4027609,7.063849,2.0516462,-86.18299
91.0,1.0,1.4927325,6.5458813,2.1748073,-76.87643
91.0,2.0,1.5985842,5.983476,2.2646496,-67.809
91.0,3.0,1.4282701,5.425929,2.2676241,-58.958817
91.0,4.0,0.9494957,4.680179,1.8729635,-50.28678
91.0,5.0,0.8401504,3.833379,1.74511,-41.624115
91.0,6.0,0.73087,2.9881833,1.5427244,-33.07447
91.0,7.0,0.80499166,2.2207437,1.5702896,-24.591894
91.0,8.0,0.66585004,1.4851487,1.5564626,-16.293678
91.0,9.0,0.721642,0.6066693,1.2488657,-8.154234
92.0,0.0,2.147531,3.5871267,2.144224,-84.61253
92.0,1.0,2.622693,3.663708,2.5748453,-75.34695
92.0,2.0,2.2153294,3.7873015,2.432276,-66.431335
92.0,3.0,1.7703837,3.6432195,2.255188,-57.644127
92.0,4.0,1.9629406,3.2228727,2.5063066,-48.967323
92.0,5.0,1.2401959,2.7341905,1.916399,-40.553352
92.0,6.0,1.4350538,2.099987,2.0435128,-32.083385
92.0,7.0,1.119938,1.5219674,1.8193095,-23.835953
92.0,8.0,1.5644284,0.8393835,2.135405,-15.658991
92.0,9.0,1.8386197,0.27388456,2.0160713,-7.77292
93.0,0.0,0.88501006,6.0110307,1.5432172,-88.26688
93.0,1.0,0.86635166,5.462065,1.5675399,-78.69147
93.0,2.0,0.925078,4.8580375,1.6291909,-69.32222
93.0,3.0,1.0318542,4.2386985,1.7560043,-60.175724
93.0,4.0,0.70831263,3.5862737,1.4598572,-51.279095
93.0,5.0,0.57754755,2.8925805,1.3058504,-42.397854
93.0,6.0,0.7222652,2.2084465,1.3892038,-33.596672
93.0,7.0,0.93381727,1.5729673,1.6563045,-25.02472
93.0,8.0,0.70742077,0.8678367,1.3905735,-16.77064
93.0,9.0,0.62863535,0.1884531,0.7876003,-8.538944
94.0,0.0,2.1890705,7.4328923,2.6444948,-82.574486
94.0,1.0,2.706694,7.119865,2.9955344,-73.501175
94.0,2.0,2.7922812,6.970433,3.1565974,-64.71948
94.0,3.0,1.8882668,6.740936,2.7525082,-56.15837
94.0,4.0,2.6731393,5.9966273,3.559666,-47.652763
94.0,5.0,2.0742803,5.2143884,3.1415389,-39.528885
94.0,6.0,1.9507948,4.2317653,3.0333593,-31.467377
94.0,7.0,1.2742957,3.21347,2.1911497,-23.539368
94.0,8.0,1.5410621,2.3434858,2.3918998,-15.513067
94.0,9.0,1.2476652,1.5231103,2.1699862,-7.7159443
95.0,0.0,1.9965329,0.15189648,1.7499138,-87.57331
95.0,1.0,2.3490815,0.40664855,2.0254722,-78.11751
95.0,2.0,1.3987795,0.7451612,1.3080108,-68.98535
95.0,3.0,2.2139032,0.8529897,2.0355926,-59.635796
95.0,4.0,1.5528604,1.0523472,1.7309663,-50.869637
95.0,5.0,1.6421947,0.89208275,1.9108078,-42.138405
95.0,6.0,1.5445291,0.63619345,1.8649178,-33.665962
95.0,7.0,1.009704,0.3222497,1.249334,-25.34276
95.0,8.0,1.078329,0.084305905,1.1211435,-16.852623
95.0,9.0,0.8679447,0.04233815,0.88315654,-8.441721
96.0,0.0,2.0944996,4.5005846,2.20447,-85.41631
96.0,1.0,2.5217335,4.480219,2.5777028,-76.17636
96.0,2.0,2.241957,4.51454,2.5277133,-67.26175
96.0,3.0,1.6817281,4.315086,2.3058128,-58.508297
96.0,4.0,1.137206,3.7663274,1.8958197,-49.850735
96.0,5.0,1.3841567,3.0690956,2.1314087,-41.19857
96.0,6.0,1.058836,2.3692281,1.7311388,-32.818188
96.0,7.0,1.0538899,1.7315564,1.7716872,-24.432796
96.0,8.0,0.9671862,1.0344479,1.6984307,-16.23412
96.0,9.0,0.97215664,0.3093913,1.2318724,-8.165414
97.0,0.0,0.5640583,9.993758,1.8846382,-84.833534
97.0,1.0,0.5003806,8.850183,1.7312747,-75.44761
97.0,2.0,1.0226259,7.774784,2.1473532,-66.171
97.0,3.0,1.4805157,6.7857723,2.4831038,-57.273624
97.0,4.0,1.8446158,5.901208,2.9047163,-48.67995
97.0,5.0,1.3954005,4.9399056,2.484745,-40.3892
97.0,6.0,1.3683391,3.929144,2.410559,-32.13638
97.0,7.0,1.1078316,2.9458408,1.9624544,-24.024067
97.0,8.0,0.76510537,2.1338959,1.6628715,-15.908803
97.0,9.0,1.0012923,1.2613567,1.8906475,-7.8230066
98.0,0.0,2.0894246,4.758358,2.2302418,-83.91181
98.0,1.0,2.512385,4.7117763,2.5944169,-74.682594
98.0,2.0,2.2636704,4.724229,2.5634036,-65.773735
98.0,3.0,1.9364202,4.5147915,2.5347078,-57.032547
98.0,4.0,1.9807711,3.9964328,2.65623,-48.456535
98.0,5.0,1.8048761,3.388749,2.5804482,-40.091305
98.0,6.0,1.4097934,2.666507,2.1363618,-31.869623
98.0,7.0,2.0298479,1.9795294,2.6878936,-23.658754
98.0,8.0,1.4659622,1.3484529,2.23053,-15.794792
98.0,9.0,1.1278148,0.595801,1.6236502,-7.9430175
99.0,0.0,0.68858445,2.7468705,1.0064607,-92.49561
99.0,1.0,0.64237225,2.4785655,0.96951705,-82.502045
99.0,2.0,0.5956701,2.1953273,0.9335226,-72.67166
99.0,3.0,0.6734078,1.8953825,1.0302955,-63.001366
99.0,4.0,0.62797225,1.5698928,1.0227433,-53.617496
99.0,5.0,0.7179191,1.1991037,1.1745632,-44.414536
99.0,6.0,0.63836277,0.7576119,1.1432917,-35.5196
99.0,7.0,0.6203925,0.2578397,0.8290934,-26.779007
99.0,8.0,0.5673789,0.050141677,0.59500194,-17.933512
99.0,9.0,0.47337785,0.022978198,0.47996628,-8.972505
100.0,0.0,0.5326843,6.450765,1.3464104,-89.70091
100.0,1.0,0.4637745,5.752081,1.2957472,-79.993965
100.0,2.0,0.539502,5.020519,1.3589303,-70.44461
100.0,3.0,0.42735144,4.286827,1.2513851,-61.13069
100.0,4.0,0.45158476,3.5334625,1.2150236,-51.927486
100.0,5.0,0.45487854,2.8265548,1.1797311,-42.88171
100.0,6.0,0.62115514,2.1445942,1.2912257,-33.99068
100.0,7.0,0.6349554,1.5046161,1.3999208,-25.3558
100.0,8.0,0.71943665,0.7547458,1.3317056,-16.961739
100.0,9.0,0.53659105,0.14538449,0.6576157,-8.694359
